F value stats,Return stats,Covariance stats
-0.0062904104883245255,0.002741566332386077,0.0007190325459379101
0.0007190325459379101,0.006856953278889106,0.001726578051373343
-0.0025939609762710676,0.005863937116965456,0.0012280178753792522
0.002177433807036021,0.0009606341463451254,0.00027362144866606967
