F value stats,Return stats,Covariance stats
-0.006836747336999247,0.0014962673990986922,0.0001820335063599265
0.00018583220031604715,0.006903372998340697,0.0009720674795801424
-0.0028659734687452453,0.005822765594989609,0.0005903925268881563
0.0019994030853908154,0.0010508782747311214,0.0001956220878569117
