F value stats,Return stats,Covariance stats
-0.00937397,0.0019709905888287763,0.00016083361853621838
0.0001619724457741683,0.00937626,0.0023937684231843765
-0.00414787191413096,0.008340389425256771,0.0011013603009154753
0.0028676068854496563,0.00157238630063749,0.0007042742974469513
