F value stats,Return stats,Covariance stats
-0.005473140446419528,0.0022518071736596515,0.00020567808557025216
0.00020567808557025216,0.006308328420217266,0.0006208446443108768
-0.0025704121047744706,0.0053260653302678995,0.00037996001663403284
0.0017268819655952275,0.0006341940247557237,7.193019251228257e-05
