F value stats,Return stats,Covariance stats
-0.005222037459154293,0.0029542024075280603,0.0002473916161538641
0.0002516124143819776,0.005788324876704815,0.000677810398216284
-0.0024363329160791824,0.005119478239559838,0.0004892253029505327
0.001698230721173782,0.0005822219171943434,0.00010781499563228889
