F value stats,Return stats,Covariance stats
-0.010358580000000001,0.0027847304484658235,0.0006422574713087935
0.0006422574713087935,0.010358580000000001,0.0041609602895554924
-0.0039116691923246375,0.008390437863202064,0.0025720793054908927
0.003372761134293522,0.0021716494062641806,0.0014332892251873244
