F value stats,Return stats,Covariance stats
-0.008954370000000001,0.0017499574561253702,0.00013949937774288286
0.00013949937774288286,0.008956640000000002,0.0025718802999885222
-0.003835281716847855,0.007707345761842838,0.0013066225821924675
0.002779509146860533,0.00173178162029198,0.0007536144889884684
