F value stats,Return stats,Covariance stats
-0.0020063506710428845,-0.0007862961357095118,0.0004728939809462248
0.00047294166567557927,0.002386346069930776,0.0009073223081237039
-0.000622972967526372,0.0016781790404788732,0.0006744031193123329
0.0007509597510239193,0.0005566329553803604,0.0001126994316781455
