F value stats,Return stats,Covariance stats
-0.00390365,-6.03013399293206e-06,0.0003058337530185108
0.0003127740432609122,0.0039036500000000007,0.0014940587200663932
-0.0015342304137649799,0.0033239691445265257,0.0008439568396085044
0.001287001432324188,0.0008855774256616522,0.00035609677939079417
