F value stats,Return stats,Covariance stats
-0.00795828,0.00289777695991019,0.0002175530115032028
0.0002175530115032028,0.00795841,0.001324451673837052
-0.0034950340997115022,0.007134404185427751,0.0009762461050702369
0.002509613488694324,0.0012995334516241542,0.00040036935475290866
