F value stats,Return stats,Covariance stats
-0.0014406721562962434,0.003597017789108142,0.0007190604471999224
-0.00143897867095411,0.0036051197554311477,0.0007237762481245864
-0.0014405995937840914,0.0036043893457188567,0.0007231901581506747
3.0251128052010873e-07,1.3832105707017485e-06,7.880512180410026e-07
