F value stats,Return stats,Covariance stats
-0.0023990841795602054,0.0009421133664538873,0.0003242746063936648
-0.00016208064615130373,0.005862715138101676,0.0017890044238214845
-0.0010978138686081904,0.0029173141592074452,0.0007216864219910647
0.0005350950425962863,0.0011159961185066621,0.00032221807437638074
