F value stats,Return stats,Covariance stats
-0.0014406720873386919,0.003602323862436088,0.0007217449061255659
-0.001440289478155261,0.0036050224893300056,0.0007236978460456039
-0.0014406490007440533,0.0036045225720378548,0.0007232245705497477
7.009944989943599e-08,4.550220213484063e-07,3.354841756815896e-07
