F value stats,Return stats,Covariance stats
-0.003303996492054593,0.00905923722560751,0.0024512612938174835
-0.0033037768416445774,0.009072239581432209,0.002464250097193277
-0.0033039787745712352,0.009066535246410276,0.002458577697267805
5.356988452998915e-08,3.9526061872998435e-06,3.941973914670997e-06
