F value stats,Return stats,Covariance stats
-0.0033232191486432475,0.007836226292890857,0.0011897978866927455
-0.003322366893981137,0.007840848607420816,0.001195925451538857
-0.003323163527137915,0.007838048491657862,0.0011917214373820305
2.0067093530660212e-07,8.817129450356648e-07,1.2114833220602618e-06
