F value stats,Return stats,Covariance stats
-0.0033232191507179573,0.007837056845350836,0.001190620110639694
-0.0033224623043894117,0.007840881154647797,0.001195956545868974
-0.0033231926030710666,0.00783800055869336,0.0011916153525512274
1.3566998157173764e-07,6.327713435710646e-07,8.744793585951209e-07
