F value stats,Return stats,Covariance stats
-0.0033039964761402093,0.009059399007627221,0.002451429102445397
-0.0033037810158027935,0.00907328455027622,0.0024652995197574244
-0.0033039780357075913,0.009066967641336503,0.0024590115699213216
5.2775591749490785e-08,3.4238238332614745e-06,3.4511828632154092e-06
