F value stats,Return stats,Covariance stats
-0.0035944966529574524,0.008402535284941752,0.0012142139912183654
-0.0035923018459778798,0.008421682430806493,0.001235889888703665
-0.0035943855951209767,0.008414301679816,0.0012255304895740474
3.950083740097134e-07,3.9793715321119846e-06,4.1902220804266325e-06
