F value stats,Return stats,Covariance stats
-0.003594498721491729,0.008409075193661767,0.001220139852346872
-0.0035944561983128538,0.008422670861400309,0.0012337179149982305
-0.003594484765814712,0.008414218591787611,0.0012252490601581856
1.0581149721968433e-08,3.621067227943046e-06,3.6081755574394638e-06
