F value stats,Return stats,Covariance stats
-0.003594497532545567,0.008409058965615947,0.001220121755124603
-0.0035938977275411506,0.008421029325454969,0.0012332338703726674
-0.003594455274323888,0.008414724435289409,0.0012258138866416324
1.0476491990847159e-07,3.1350100697135508e-06,3.2086662980023266e-06
