F value stats,Return stats,Covariance stats
-0.0025309590323148393,-0.0012492909096077976,0.0003017295354798071
0.0009283469585402522,0.006164573169671467,0.002210684878115764
-0.00040565722359717004,0.0014686149748913305,0.0006573005276969904
0.000653200312721793,0.0013142292571171575,0.00034707149834338637
