F value stats,Return stats,Covariance stats
-0.003323219149594796,0.007835527646181333,0.0011890939026416446
-0.0033203118523969267,0.007885792966897384,0.0012451692621035302
-0.0033230922624940457,0.007839655595696769,0.0011934710707086796
5.371423594568748e-07,8.614954660864708e-06,9.638248935000827e-06
