F value stats,Return stats,Covariance stats
-0.003323219148883686,0.00783535292534579,0.001190600720602891
-0.0033223042675753,0.007840940779612384,0.0011960161769992714
-0.003323081034692189,0.007837867508063425,0.0011917054386790457
3.043595611231408e-07,1.1509872050386689e-06,1.2348987738191854e-06
