F value stats,Return stats,Covariance stats
-0.0014406721490455904,0.0036027119916783733,0.0007221162658803046
-0.0014402978628990344,0.0036052818139756795,0.0007239389162808964
-0.0014406438071116617,0.0036045809225971337,0.0007232933083738102
7.158262024156801e-08,5.392391823351718e-07,4.4774426781273116e-07
