F value stats,Return stats,Covariance stats
-0.003990596773425735,0.008899545749200058,0.000918505627384647
-0.0039904949924053894,0.008901567628856969,0.000920416368304256
-0.00399057548668342,0.008900522478638895,0.0009193715052720556
2.603722207680093e-08,4.0495256065783846e-07,3.9450669317996546e-07
