F value stats,Return stats,Covariance stats
-0.003990596985235822,0.008892358680779103,0.0009175394128793276
-0.00398586438165374,0.008901779398380282,0.0009218250740288724
-0.003990165007001593,0.008899786924243461,0.0009194569102402747
1.0350005297252634e-06,2.198502604705622e-06,9.74323254708487e-07
