F value stats,Return stats,Covariance stats
-0.003323219147619346,0.007824808223472557,0.0011901193823729871
-0.003317344420549785,0.007841058015206376,0.0011968209492347526
-0.003322798410607587,0.007837607301876106,0.0011920104806609317
1.1319592636239135e-06,2.6395216477826836e-06,1.6821052504143128e-06
