F value stats,Return stats,Covariance stats
-0.001440672181645905,0.0035977365104925855,0.000719986100446305
-0.0014388752050231402,0.0036048790661987185,0.0007235635989442466
-0.0014405843421970263,0.0036043504801290204,0.0007231817957349688
3.281691593293552e-07,1.2489455708632608e-06,6.143539987107135e-07
