F value stats,Return stats,Covariance stats
-0.00224865181123699,0.0012497844668023425,0.0003674578548621654
-0.00018001205012190138,0.005503256103136073,0.0014864847122328215
-0.0010813509328569037,0.0028329055767429166,0.0006702037110291096
0.0004884491690254851,0.0009546426983069907,0.00022991276178770164
