F value stats,Return stats,Covariance stats
-0.003303996492137213,0.009054423947653333,0.002446484919291123
-0.003303960601541069,0.009079141329364786,0.002471189442035129
-0.003303988846027758,0.009065651470627632,0.002457673778572117
8.290831521209171e-09,5.64071561082108e-06,5.639776594144513e-06
