F value stats,Return stats,Covariance stats
-0.003990596985549104,0.00889866248730907,0.0009174840891724874
-0.003990170932664336,0.008904643930364862,0.0009235242474521137
-0.00399057775258794,0.008900853946069669,0.0009196984408937889
7.603863835752867e-08,1.2436174723031892e-06,1.2279745391285159e-06
