F value stats,Return stats,Covariance stats
-0.003303996414693651,0.00905356867565097,0.0024456320905153987
-0.003303968292567786,0.009074697460350466,0.002466741227429563
-0.003303988520257503,0.00906517269271547,0.002457195652200465
8.340156339696488e-09,4.941445184647234e-06,4.93243102148043e-06
