F value stats,Return stats,Covariance stats
-0.003594498175923863,0.008410008411218424,0.0012210605175855583
-0.003594181633575509,0.008420804668273746,0.0012318191738612035
-0.003594464467120453,0.008415142782203296,0.00122621384796239
5.684498658019173e-08,3.0650093260273075e-06,3.0446190110932148e-06
