F value stats,Return stats,Covariance stats
-0.003990596985032879,0.008896651222559155,0.0009177535348482164
-0.0039894488438554695,0.008902461975245145,0.0009212865738878382
-0.0039905253376527295,0.008900453485407196,0.0009194028101017375
2.581299660697342e-07,1.0002247593130586e-06,6.046888072085008e-07
