F value stats,Return stats,Covariance stats
-0.0014406721667133378,0.003602072360636913,0.0007216325481696879
-0.0014401418735817094,0.003604929910186243,0.0007235861824961944
-0.001440607538558285,0.0036043523588734023,0.0007231372817568332
1.2949630643849406e-07,7.692629734290248e-07,5.314015962485479e-07
