F value stats,Return stats,Covariance stats
-0.000322122399034818,-0.007252629425069778,0.0007274033547149546
0.005348163322114716,0.0014698360520710794,0.0034436972191596547
0.0014758041888587221,-0.0016172887320940194,0.0013343196456234254
0.0010467009045620809,0.0016687387149741176,0.0005393969591314709
