F value stats,Return stats,Covariance stats
-0.003594497060059137,0.008401149597704513,0.0012128445456763926
-0.00359415252601406,0.008423041019496104,0.001234154373319715
-0.003594467406875112,0.008415437275423442,0.0012265024616732202
6.186172347738523e-08,4.08035696478252e-06,4.0140455719308336e-06
