F value stats,Return stats,Covariance stats
-0.002681444501883787,0.002094073623696441,0.0009261884001255944
-7.212331924992045e-05,0.007470756285764154,0.002304036277354216
-0.0009522188976250835,0.003521536883959433,0.001617099088709266
0.0006083310839457702,0.0013137576757631842,0.00035438683648869617
