F value stats,Return stats,Covariance stats
-0.003990596985504068,0.008897562412055061,0.0009179936663766512
-0.003989175789373711,0.008901630979284907,0.0009204422509169035
-0.003990548259093623,0.008900413022839799,0.0009193165046525509
2.548719345444433e-07,7.872512769900667e-07,5.804559676555567e-07
