F value stats,Return stats,Covariance stats
-0.003303994099187011,0.009048649793410447,0.0024408303452116433
-0.0033038194740798088,0.009082046688902579,0.0024740917507459705
-0.0033039475035506155,0.009066880955422008,0.0024589859483207755
4.525729565303911e-08,7.793103020957177e-06,7.768838918577053e-06
